"source_url","source_page","asset_type","mime_type","checksum_sha256","first_seen_utc","last_seen_utc","local_stage_path","local_curated_path","status","notes"
"https://assets.squarespace.com/universal/default-favicon.ico","https://www.guardiansofganja.com/","ico","text/plain","0d75fa1c9f78745b408f55992519c9bd64dfdd5c1b456c5f48b5dc7c43184a8a","2026-04-22T22:38:16.9070013Z","2026-04-22T22:52:05.1077051Z","public\imports\guardians-of-ganja\raw\assets.squarespace.com\universal\default-favicon.ico","","downloaded",""
"https://assets.squarespace.com/@sqs/polyfiller/1.6/legacy.js","https://www.guardiansofganja.com/","js","text/javascript","05e8f7a9a14bfe6d0f8485cef7e13dc01e220a3c99e8bc027ced2144baec167f","2026-04-22T22:38:16.9120003Z","2026-04-22T22:52:05.1087252Z","public\imports\guardians-of-ganja\raw\assets.squarespace.com\-sqs\polyfiller\1.6\legacy.js","","downloaded",""
"https://assets.squarespace.com/@sqs/polyfiller/1.6/modern.js","https://www.guardiansofganja.com/","js","text/javascript","54e832663426c696b1f603379026e5e15720e8c812bbbc60d63aa2ad8a479f75","2026-04-22T22:38:16.9120003Z","2026-04-22T22:52:05.1097309Z","public\imports\guardians-of-ganja\raw\assets.squarespace.com\-sqs\polyfiller\1.6\modern.js","","downloaded",""
"https://assets.squarespace.com/universal/scripts-compressed/visitor-site-error-reporter-6abf0765bc632e07-min.en-US.js","https://www.guardiansofganja.com/","js","text/javascript","9699eccd0a9bf2561452844fa733ddb5b847b86e2b3c2f6b954af958261aca0a","2026-04-22T22:38:16.9120003Z","2026-04-22T22:52:05.1107291Z","public\imports\guardians-of-ganja\raw\assets.squarespace.com\universal\scripts-compressed\visitor-site-error-reporter-6abf0765bc632e07-min.en-US.js","","downloaded",""
"https://assets.squarespace.com/universal/scripts-compressed/extract-css-runtime-17551b8eafb5a42e-min.en-US.js","https://www.guardiansofganja.com/","js","text/javascript","05290adc549b984d8eac6d468a1cd624f8650806e406d0ac71f478d81bfe8c79","2026-04-22T22:38:16.9120003Z","2026-04-22T22:52:05.1117287Z","public\imports\guardians-of-ganja\raw\assets.squarespace.com\universal\scripts-compressed\extract-css-runtime-17551b8eafb5a42e-min.en-US.js","","downloaded",""
"https://assets.squarespace.com/universal/scripts-compressed/extract-css-moment-js-vendor-6f2a1f6ec9a41489-min.en-US.js","https://www.guardiansofganja.com/","js","text/javascript","1543d7c079e44ac2231ee88d10740e73fe4e3c2d05cf43b52e3c52d352ff7264","2026-04-22T22:38:16.9130012Z","2026-04-22T22:52:05.1137297Z","public\imports\guardians-of-ganja\raw\assets.squarespace.com\universal\scripts-compressed\extract-css-moment-js-vendor-6f2a1f6ec9a41489-min.en-US.js","","downloaded",""
"https://assets.squarespace.com/universal/scripts-compressed/cldr-resource-pack-22c6db795661f68d-min.en-US.js","https://www.guardiansofganja.com/","js","text/javascript","17f66be5c27541962b3223d207702f76770a52b0052d0359439e17957529905f","2026-04-22T22:38:16.9130012Z","2026-04-22T22:52:05.1147276Z","public\imports\guardians-of-ganja\raw\assets.squarespace.com\universal\scripts-compressed\cldr-resource-pack-22c6db795661f68d-min.en-US.js","","downloaded",""
"https://assets.squarespace.com/universal/scripts-compressed/common-vendors-stable-b8d716935110c7b2-min.en-US.js","https://www.guardiansofganja.com/","js","text/javascript","3a3f42b48be64e11ec4136fe8addfe2936bec440a876c4c6d4dbf8cabd76bd71","2026-04-22T22:38:16.9130012Z","2026-04-22T22:52:05.1157294Z","public\imports\guardians-of-ganja\raw\assets.squarespace.com\universal\scripts-compressed\common-vendors-stable-b8d716935110c7b2-min.en-US.js","","downloaded",""
"https://assets.squarespace.com/universal/scripts-compressed/common-vendors-88286999a7ee6fd5-min.en-US.js","https://www.guardiansofganja.com/","js","text/javascript","2c96536826c5ee95e347c1fcbeb547e9d94b85226f2db3192c0c9a89051ab5f4","2026-04-22T22:38:16.9130012Z","2026-04-22T22:52:05.1167280Z","public\imports\guardians-of-ganja\raw\assets.squarespace.com\universal\scripts-compressed\common-vendors-88286999a7ee6fd5-min.en-US.js","","downloaded",""
"https://assets.squarespace.com/universal/scripts-compressed/common-685e8299b71caa80-min.en-US.js","https://www.guardiansofganja.com/","js","text/javascript","b857b1b51c1d1f4d2224fc6370101ca70b6fbd3adf28479631995572599e8a7b","2026-04-22T22:38:16.9130012Z","2026-04-22T22:52:05.1187282Z","public\imports\guardians-of-ganja\raw\assets.squarespace.com\universal\scripts-compressed\common-685e8299b71caa80-min.en-US.js","","downloaded",""
"https://assets.squarespace.com/universal/scripts-compressed/user-account-core-502565b710d4efd4-min.en-US.js","https://www.guardiansofganja.com/","js","text/javascript","70c0e9b95db2c8056ab8b565030e62c81dedd0fefdc3a9bd2fb95a7847ed347b","2026-04-22T22:38:16.9130012Z","2026-04-22T22:52:05.1197275Z","public\imports\guardians-of-ganja\raw\assets.squarespace.com\universal\scripts-compressed\user-account-core-502565b710d4efd4-min.en-US.js","","downloaded",""
"https://assets.squarespace.com/universal/styles-compressed/user-account-core-f82c59bd5327abda-min.en-US.css","https://www.guardiansofganja.com/","css","text/css","f0411138f8277af3385da4b2f8281a14ad9771cc95891da9ae8410dad5169151","2026-04-22T22:38:16.9130012Z","2026-04-22T22:52:05.1217291Z","public\imports\guardians-of-ganja\raw\assets.squarespace.com\universal\styles-compressed\user-account-core-f82c59bd5327abda-min.en-US.css","","downloaded",""
"https://assets.squarespace.com/universal/scripts-compressed/performance-b0b428cfbac6efcd-min.en-US.js","https://www.guardiansofganja.com/","js","text/javascript","8e4aa86756030e68ae304ed25b95fd1ffb8f540b447741786cbb97c373f6dd3a","2026-04-22T22:38:16.9140015Z","2026-04-22T22:52:05.1217291Z","public\imports\guardians-of-ganja\raw\assets.squarespace.com\universal\scripts-compressed\performance-b0b428cfbac6efcd-min.en-US.js","","downloaded",""
"https://definitions.sqspcdn.com/website-component-definition/static-assets/website.components.imageFluid/7de8b542-cf12-4f37-90a9-03b06e48e589_451/website.components.imageFluid.styles.css","https://www.guardiansofganja.com/","css","text/css","507cfa8d8eff6f7d57d7457f2a935ac4a6ad2309709bfd047208ae6f357c9a07","2026-04-22T22:38:16.9140015Z","2026-04-22T22:52:05.1237306Z","public\imports\guardians-of-ganja\raw\definitions.sqspcdn.com\website-component-definition\static-assets\website.components.imageFluid\7de8b542-cf12-4f37-90a9-03b06e48e589_451\website.components.imageFluid.styles.css","","downloaded",""
"https://definitions.sqspcdn.com/website-component-definition/static-assets/website.components.button/41cc714d-bed6-47ca-8498-7e4e20bcc196_634/website.components.button.styles.css","https://www.guardiansofganja.com/","css","text/css","ff485a850afffdc5208fe7b6a990bc6c2cf9915826632840d9008bf655c58b63","2026-04-22T22:38:16.9140015Z","2026-04-22T22:52:05.1247292Z","public\imports\guardians-of-ganja\raw\definitions.sqspcdn.com\website-component-definition\static-assets\website.components.button\41cc714d-bed6-47ca-8498-7e4e20bcc196_634\website.components.button.styles.css","","downloaded",""
"https://definitions.sqspcdn.com/website-component-definition/static-assets/website.components.html/9e5985a4-a8e2-49fe-a6f2-f669324eea1c_464/website.components.html.styles.css","https://www.guardiansofganja.com/","css","text/css","657d4df19a3b3d27e0fd39154e686252a3b1a1cdcbe57d06675ef2fbda4f02d8","2026-04-22T22:38:16.9150005Z","2026-04-22T22:52:05.1287276Z","public\imports\guardians-of-ganja\raw\definitions.sqspcdn.com\website-component-definition\static-assets\website.components.html\9e5985a4-a8e2-49fe-a6f2-f669324eea1c_464\website.components.html.styles.css","","downloaded",""
"https://definitions.sqspcdn.com/website-component-definition/static-assets/website.components.imageFluid/7de8b542-cf12-4f37-90a9-03b06e48e589_451/748.js","https://www.guardiansofganja.com/","js","application/javascript","3294ecef04aae131a9ac4de5982263cca7f92d951d24773737089fd0575d7772","2026-04-22T22:38:16.9150005Z","2026-04-22T22:52:05.1297278Z","public\imports\guardians-of-ganja\raw\definitions.sqspcdn.com\website-component-definition\static-assets\website.components.imageFluid\7de8b542-cf12-4f37-90a9-03b06e48e589_451\748.js","","downloaded",""
"https://definitions.sqspcdn.com/website-component-definition/static-assets/website.components.imageFluid/7de8b542-cf12-4f37-90a9-03b06e48e589_451/image-effect-refracted-circles.js","https://www.guardiansofganja.com/","js","application/javascript","b4a077ff398b0afec459f91ef18f3d9b822f83494f6db959fd325a6292421c7b","2026-04-22T22:38:16.9150005Z","2026-04-22T22:52:05.1307277Z","public\imports\guardians-of-ganja\raw\definitions.sqspcdn.com\website-component-definition\static-assets\website.components.imageFluid\7de8b542-cf12-4f37-90a9-03b06e48e589_451\image-effect-refracted-circles.js","","downloaded",""
"https://definitions.sqspcdn.com/website-component-definition/static-assets/website.components.button/41cc714d-bed6-47ca-8498-7e4e20bcc196_634/website.components.button.visitor.js","https://www.guardiansofganja.com/","js","application/javascript","985ca2a7ac45591b415ee49b526bf47350c7b542ba4ae48106fb8dd8b6229181","2026-04-22T22:38:16.9150005Z","2026-04-22T22:52:05.1317277Z","public\imports\guardians-of-ganja\raw\definitions.sqspcdn.com\website-component-definition\static-assets\website.components.button\41cc714d-bed6-47ca-8498-7e4e20bcc196_634\website.components.button.visitor.js","","downloaded",""
"https://definitions.sqspcdn.com/website-component-definition/static-assets/website.components.imageFluid/7de8b542-cf12-4f37-90a9-03b06e48e589_451/8018.js","https://www.guardiansofganja.com/","js","application/javascript","62fbb744c47559c92263809f4518666c3e55c84237ef4a9092b9528d2b423ed0","2026-04-22T22:38:16.9150005Z","2026-04-22T22:52:05.1327276Z","public\imports\guardians-of-ganja\raw\definitions.sqspcdn.com\website-component-definition\static-assets\website.components.imageFluid\7de8b542-cf12-4f37-90a9-03b06e48e589_451\8018.js","","downloaded",""
"https://definitions.sqspcdn.com/website-component-definition/static-assets/website.components.imageFluid/7de8b542-cf12-4f37-90a9-03b06e48e589_451/image-effect-parallax.js","https://www.guardiansofganja.com/","js","application/javascript","378b81b66a10634d3042847d67fbdf1735c495c4ce86d352942c9f5e21b91bb1","2026-04-22T22:38:16.9150005Z","2026-04-22T22:52:05.1337292Z","public\imports\guardians-of-ganja\raw\definitions.sqspcdn.com\website-component-definition\static-assets\website.components.imageFluid\7de8b542-cf12-4f37-90a9-03b06e48e589_451\image-effect-parallax.js","","downloaded",""
"https://definitions.sqspcdn.com/website-component-definition/static-assets/website.components.imageFluid/7de8b542-cf12-4f37-90a9-03b06e48e589_451/website.components.imageFluid.shared.constants.js","https://www.guardiansofganja.com/","js","application/javascript","0fb4f0fdd38472e1fa9bfef91e8bec12f331371aedae7b65f29b63b599033188","2026-04-22T22:38:16.9150005Z","2026-04-22T22:52:05.1347303Z","public\imports\guardians-of-ganja\raw\definitions.sqspcdn.com\website-component-definition\static-assets\website.components.imageFluid\7de8b542-cf12-4f37-90a9-03b06e48e589_451\website.components.imageFluid.shared.constants.js","","downloaded",""
"https://definitions.sqspcdn.com/website-component-definition/static-assets/website.components.imageFluid/7de8b542-cf12-4f37-90a9-03b06e48e589_451/website.components.imageFluid.visitor.js","https://www.guardiansofganja.com/","js","application/javascript","887880273f6819084f40e93382d307f92a609790feb44b4235c91e6773739c22","2026-04-22T22:38:16.9150005Z","2026-04-22T22:52:05.1357296Z","public\imports\guardians-of-ganja\raw\definitions.sqspcdn.com\website-component-definition\static-assets\website.components.imageFluid\7de8b542-cf12-4f37-90a9-03b06e48e589_451\website.components.imageFluid.visitor.js","","downloaded",""
"https://definitions.sqspcdn.com/website-component-definition/static-assets/website.components.html/9e5985a4-a8e2-49fe-a6f2-f669324eea1c_464/website.components.html.visitor.js","https://www.guardiansofganja.com/","js","application/javascript","7a95d4c1b10da06428e7032fe402dc3be5af5845017abac961ad73f6bf0a6d5b","2026-04-22T22:38:16.9160004Z","2026-04-22T22:52:05.1367301Z","public\imports\guardians-of-ganja\raw\definitions.sqspcdn.com\website-component-definition\static-assets\website.components.html\9e5985a4-a8e2-49fe-a6f2-f669324eea1c_464\website.components.html.visitor.js","","downloaded",""
"https://definitions.sqspcdn.com/website-component-definition/static-assets/website.components.imageFluid/7de8b542-cf12-4f37-90a9-03b06e48e589_451/image-effect-film-grain.js","https://www.guardiansofganja.com/","js","application/javascript","49ce0f814d98cb18dbc0d2e9c12463c7fae3c57e83b6433d5bf043bb6e4a7718","2026-04-22T22:38:16.9160004Z","2026-04-22T22:52:05.1377301Z","public\imports\guardians-of-ganja\raw\definitions.sqspcdn.com\website-component-definition\static-assets\website.components.imageFluid\7de8b542-cf12-4f37-90a9-03b06e48e589_451\image-effect-film-grain.js","","downloaded",""
"https://definitions.sqspcdn.com/website-component-definition/static-assets/website.components.imageFluid/7de8b542-cf12-4f37-90a9-03b06e48e589_451/9882.js","https://www.guardiansofganja.com/","js","application/javascript","0c092286ed55f7dccd6c69ef8ddde9af127f79b60bb2a0dbc7ed7a6683166625","2026-04-22T22:38:16.9160004Z","2026-04-22T22:52:05.1397307Z","public\imports\guardians-of-ganja\raw\definitions.sqspcdn.com\website-component-definition\static-assets\website.components.imageFluid\7de8b542-cf12-4f37-90a9-03b06e48e589_451\9882.js","","downloaded",""
"https://definitions.sqspcdn.com/website-component-definition/static-assets/website.components.imageFluid/7de8b542-cf12-4f37-90a9-03b06e48e589_451/image-effect-liquid.js","https://www.guardiansofganja.com/","js","application/javascript","a4bb33e9a444a7623f99ab3cee6377308ed2244c365acfc3022876519f1da97f","2026-04-22T22:38:16.9160004Z","2026-04-22T22:52:05.1407280Z","public\imports\guardians-of-ganja\raw\definitions.sqspcdn.com\website-component-definition\static-assets\website.components.imageFluid\7de8b542-cf12-4f37-90a9-03b06e48e589_451\image-effect-liquid.js","","downloaded",""
"https://definitions.sqspcdn.com/website-component-definition/static-assets/website.components.imageFluid/7de8b542-cf12-4f37-90a9-03b06e48e589_451/image-effect-refracted-lines.js","https://www.guardiansofganja.com/","js","application/javascript","f2a390d7d4b8d9cf68c2b0f4597a0a3a8e544c6bd985811cbb81bfdc1d3f51a3","2026-04-22T22:38:16.9160004Z","2026-04-22T22:52:05.1417281Z","public\imports\guardians-of-ganja\raw\definitions.sqspcdn.com\website-component-definition\static-assets\website.components.imageFluid\7de8b542-cf12-4f37-90a9-03b06e48e589_451\image-effect-refracted-lines.js","","downloaded",""
"https://static1.squarespace.com/static/versioned-site-css/67acef470f284a71a0d735e3/14/5c5a519771c10ba3470d8101/67acef480f284a71a0d735ff/1775/site.css?nocustom=true","https://www.guardiansofganja.com/","css","text/css","9f6203bb9acc7aa66c0415ac6d507f3518548c814343afd7af5437d99b3525fa","2026-04-22T22:38:16.9167678Z","2026-04-22T22:52:05.1437275Z","public\imports\guardians-of-ganja\raw\static1.squarespace.com\static\versioned-site-css\67acef470f284a71a0d735e3\14\5c5a519771c10ba3470d8101\67acef480f284a71a0d735ff\1775\site-da38fdd6c0.css","","downloaded",""
"https://static1.squarespace.com/static/vta/5c5a519771c10ba3470d8101/versioned-assets/1776702257311-HDZJMCAP590VIVVXZE6Q/static.css","https://www.guardiansofganja.com/","css","text/css","0f5d57cf0ac3b708fc51f3a16dd4e2a1083719eba3b02426e44c896650cb59f9","2026-04-22T22:38:16.9167678Z","2026-04-22T22:52:05.1457291Z","public\imports\guardians-of-ganja\raw\static1.squarespace.com\static\vta\5c5a519771c10ba3470d8101\versioned-assets\1776702257311-HDZJMCAP590VIVVXZE6Q\static.css","","downloaded",""
"https://images.squarespace-cdn.com/content/v1/67acef470f284a71a0d735e3/1739467803082-SHQDTIBI5H9USEYIRU81/unsplash-image-OP6VenunZ7U.jpg","https://www.guardiansofganja.com/","jpg","image/jpeg","39c2faa930e5c8d06103b98ec625504f6011ecc178ca395aef8b32b2c0e058eb","2026-04-22T22:38:16.9177701Z","2026-04-22T22:52:05.1477275Z","public\imports\guardians-of-ganja\raw\images.squarespace-cdn.com\content\v1\67acef470f284a71a0d735e3\1739467803082-SHQDTIBI5H9USEYIRU81\unsplash-image-OP6VenunZ7U.jpg","","downloaded",""
"https://images.squarespace-cdn.com/content/v1/67acef470f284a71a0d735e3/1739903412114-JX4G6NH4CT3E9FT0ZBOK/unsplash-image-U9E423m3Hd8.jpg","https://www.guardiansofganja.com/","jpg","image/jpeg","eef51df547e049b2472b2aaa4490f068456a68ce06247ac5a635fe89992c60d4","2026-04-22T22:38:16.9187720Z","2026-04-22T22:52:05.1487277Z","public\imports\guardians-of-ganja\raw\images.squarespace-cdn.com\content\v1\67acef470f284a71a0d735e3\1739903412114-JX4G6NH4CT3E9FT0ZBOK\unsplash-image-U9E423m3Hd8.jpg","","downloaded",""
"https://images.squarespace-cdn.com/content/v1/67acef470f284a71a0d735e3/1739903565707-FBA3XOQCDH722BUL9NQ7/unsplash-image-gpUfeofd-5E.jpg","https://www.guardiansofganja.com/","jpg","image/jpeg","1dc8c52431d7e5cab8e3596dbb8fbe7b86e7572d7e8636f34ff807f05bf1e65c","2026-04-22T22:38:16.9187720Z","2026-04-22T22:52:05.1507295Z","public\imports\guardians-of-ganja\raw\images.squarespace-cdn.com\content\v1\67acef470f284a71a0d735e3\1739903565707-FBA3XOQCDH722BUL9NQ7\unsplash-image-gpUfeofd-5E.jpg","","downloaded",""
"https://images.squarespace-cdn.com/content/v1/67acef470f284a71a0d735e3/1739904031144-IPVGO31RDOWFESLZLJ9R/unsplash-image-uuBQKdQhaWk.jpg","https://www.guardiansofganja.com/","jpg","image/jpeg","e139387d66e4c2b13de20c8525972cace234c6dd13d93a22245dd39f0dfa0c68","2026-04-22T22:38:16.9187720Z","2026-04-22T22:52:05.1537279Z","public\imports\guardians-of-ganja\raw\images.squarespace-cdn.com\content\v1\67acef470f284a71a0d735e3\1739904031144-IPVGO31RDOWFESLZLJ9R\unsplash-image-uuBQKdQhaWk.jpg","","downloaded",""
"https://images.squarespace-cdn.com/content/v1/67acef470f284a71a0d735e3/1739903659253-Z3INW2FK9EVNJ672JYEH/unsplash-image-Bu6BSErSL_M.jpg","https://www.guardiansofganja.com/","jpg","image/jpeg","d79b4e57ba5a71cf86bfefdf78699b421f1c2c6ca43bba662cc891003595bad6","2026-04-22T22:38:16.9187720Z","2026-04-22T22:52:05.1547279Z","public\imports\guardians-of-ganja\raw\images.squarespace-cdn.com\content\v1\67acef470f284a71a0d735e3\1739903659253-Z3INW2FK9EVNJ672JYEH\unsplash-image-Bu6BSErSL_M.jpg","","downloaded",""
"https://images.squarespace-cdn.com/content/v1/67acef470f284a71a0d735e3/1739903686654-8ZVZJNYCEBPT4LSK1J14/unsplash-image-wCo9UwZEa18.jpg","https://www.guardiansofganja.com/","jpg","image/jpeg","a8bb0d1ac838b97528ba6c3847c1c5e101938a524ccd2a70eaed3e4f56b3ee16","2026-04-22T22:38:16.9187720Z","2026-04-22T22:52:05.1567284Z","public\imports\guardians-of-ganja\raw\images.squarespace-cdn.com\content\v1\67acef470f284a71a0d735e3\1739903686654-8ZVZJNYCEBPT4LSK1J14\unsplash-image-wCo9UwZEa18.jpg","","downloaded",""
"https://images.squarespace-cdn.com/content/v1/67acef470f284a71a0d735e3/1739903718325-OQ1EBM0YOVNCESAWN92I/unsplash-image-3vlGNkDep4E.jpg","https://www.guardiansofganja.com/","jpg","image/jpeg","5b201b76d41a13f939f711874598baa5fa217aa75b1cd462ce13b1eb31be31b4","2026-04-22T22:38:16.9187720Z","2026-04-22T22:52:05.1597290Z","public\imports\guardians-of-ganja\raw\images.squarespace-cdn.com\content\v1\67acef470f284a71a0d735e3\1739903718325-OQ1EBM0YOVNCESAWN92I\unsplash-image-3vlGNkDep4E.jpg","","downloaded",""
"https://images.squarespace-cdn.com/content/v1/67acef470f284a71a0d735e3/1739903752584-I1QS0YP79GN5JOVHRYA7/unsplash-image-cIOwoljvd_Q.jpg","https://www.guardiansofganja.com/","jpg","image/jpeg","f93e1acb8c940cca905cabcc35b489179bf627e1af302e7616629c79ff235533","2026-04-22T22:38:16.9197709Z","2026-04-22T22:52:05.1617311Z","public\imports\guardians-of-ganja\raw\images.squarespace-cdn.com\content\v1\67acef470f284a71a0d735e3\1739903752584-I1QS0YP79GN5JOVHRYA7\unsplash-image-cIOwoljvd_Q.jpg","","downloaded",""
"https://images.squarespace-cdn.com/content/v1/67acef470f284a71a0d735e3/1739903788730-O1HOQTN3GC2KY4RFOI5X/unsplash-image-9T6W31pUG0s.jpg","https://www.guardiansofganja.com/","jpg","image/jpeg","7ea518634a1faab32eb841fdf14b2f1ee46e126e255b33b1e56f9beea9a09d37","2026-04-22T22:38:16.9197709Z","2026-04-22T22:52:05.1637301Z","public\imports\guardians-of-ganja\raw\images.squarespace-cdn.com\content\v1\67acef470f284a71a0d735e3\1739903788730-O1HOQTN3GC2KY4RFOI5X\unsplash-image-9T6W31pUG0s.jpg","","downloaded",""
"https://images.squarespace-cdn.com/content/v1/67acef470f284a71a0d735e3/1739903821707-SZYM6TKEX88MEY25G098/unsplash-image-7qgVeNsC-nw.jpg","https://www.guardiansofganja.com/","jpg","image/jpeg","a65be7f4763d9a51dd341bea459e0381fe6486255a3c3f8d2d311dc2fca193cb","2026-04-22T22:38:16.9197709Z","2026-04-22T22:52:05.1657294Z","public\imports\guardians-of-ganja\raw\images.squarespace-cdn.com\content\v1\67acef470f284a71a0d735e3\1739903821707-SZYM6TKEX88MEY25G098\unsplash-image-7qgVeNsC-nw.jpg","","downloaded",""
"https://images.squarespace-cdn.com/content/v1/67acef470f284a71a0d735e3/1739903944071-K6CEF1K5DPKQ4894JGRG/unsplash-image-fIHozNWfcvs.jpg","https://www.guardiansofganja.com/","jpg","image/jpeg","07be1295358cbc954d3b440d4a70c50c59dd18458d3d5018b603c94c07ea05fa","2026-04-22T22:38:16.9197709Z","2026-04-22T22:52:05.1667288Z","public\imports\guardians-of-ganja\raw\images.squarespace-cdn.com\content\v1\67acef470f284a71a0d735e3\1739903944071-K6CEF1K5DPKQ4894JGRG\unsplash-image-fIHozNWfcvs.jpg","","downloaded",""
"https://images.squarespace-cdn.com/content/v1/67acef470f284a71a0d735e3/2dd86564-46b0-4fb1-9599-8ee16b024566/Untitled+design.jpg","https://www.guardiansofganja.com/","jpg","image/jpeg","a77705dc092a1e5d96ccc12cfd1e00ca3a8b3709fe393037fe6a56dd4936340f","2026-04-22T22:38:16.9207702Z","2026-04-22T22:52:05.1677284Z","public\imports\guardians-of-ganja\raw\images.squarespace-cdn.com\content\v1\67acef470f284a71a0d735e3\2dd86564-46b0-4fb1-9599-8ee16b024566\Untitled-design.jpg","","downloaded",""
"https://static1.squarespace.com/static/vta/5c5a519771c10ba3470d8101/scripts/site-bundle.751dde8889efc787c3a375da4e4d2c66.js","https://www.guardiansofganja.com/","js","application/javascript","932fa28ca67492796e451cd7dd364ab733e50affd38debd1407761f0f9bbe440","2026-04-22T22:38:16.9207702Z","2026-04-22T22:52:05.1697285Z","public\imports\guardians-of-ganja\raw\static1.squarespace.com\static\vta\5c5a519771c10ba3470d8101\scripts\site-bundle.751dde8889efc787c3a375da4e4d2c66.js","","downloaded",""
"https://definitions.sqspcdn.com/website-component-definition/static-assets/website.components.form/1c76cdbd-381b-40f8-9442-381b8a5b365c_636/website.components.form.styles.css","https://www.guardiansofganja.com/contact","css","text/css","a307ac4d7bbff73ccc76e29f6b446fbf6d39667e54ba267fa46db3fa25df6fb9","2026-04-22T22:38:17.0259426Z","2026-04-22T22:52:05.1707287Z","public\imports\guardians-of-ganja\raw\definitions.sqspcdn.com\website-component-definition\static-assets\website.components.form\1c76cdbd-381b-40f8-9442-381b8a5b365c_636\website.components.form.styles.css","","downloaded",""
"https://definitions.sqspcdn.com/website-component-definition/static-assets/website.components.form/1c76cdbd-381b-40f8-9442-381b8a5b365c_636/website.components.form.visitor.js","https://www.guardiansofganja.com/contact","js","application/javascript","af5e78e78cbe0cb2137a03a9ec4672ea61f4f0f9458d79afb71567f245dc1a05","2026-04-22T22:38:17.0259426Z","2026-04-22T22:52:05.1727283Z","public\imports\guardians-of-ganja\raw\definitions.sqspcdn.com\website-component-definition\static-assets\website.components.form\1c76cdbd-381b-40f8-9442-381b8a5b365c_636\website.components.form.visitor.js","","downloaded",""
"https://images.squarespace-cdn.com/content/v1/67acef470f284a71a0d735e3/1739662881248-OCGBTBRXUMYR2JUYMEJL/unsplash-image-_k6g3qSnYIo.jpg","https://www.guardiansofganja.com/contact","jpg","image/jpeg","1c978f12ed5094be9758789bb4851a5af4bc5040c4b0f032f62fda2a07d1f0ed","2026-04-22T22:38:17.0279439Z","2026-04-22T22:52:05.1737284Z","public\imports\guardians-of-ganja\raw\images.squarespace-cdn.com\content\v1\67acef470f284a71a0d735e3\1739662881248-OCGBTBRXUMYR2JUYMEJL\unsplash-image-_k6g3qSnYIo.jpg","","downloaded",""
"https://assets.squarespace.com/universal/scripts-compressed/visitor-site-error-reporter-139db259bdb913d1-min.en-US.js","https://www.guardiansofganja.com/home-1","js","text/javascript","4cd82a2f302c4393b4bfe22e8e95e2c48bcc6513044bd2b3bfae4c07c54410cb","2026-04-22T22:38:17.3687038Z","2026-04-22T22:52:05.1747278Z","public\imports\guardians-of-ganja\raw\assets.squarespace.com\universal\scripts-compressed\visitor-site-error-reporter-139db259bdb913d1-min.en-US.js","","downloaded",""
"https://assets.squarespace.com/universal/scripts-compressed/extract-css-runtime-e5f1305df5218b2e-min.en-US.js","https://www.guardiansofganja.com/home-1","js","text/javascript","59196c05af75878a69eff514b3978a19f366cce2ef89478fcf24711d1aaaddc2","2026-04-22T22:38:17.3687038Z","2026-04-22T22:52:05.1767298Z","public\imports\guardians-of-ganja\raw\assets.squarespace.com\universal\scripts-compressed\extract-css-runtime-e5f1305df5218b2e-min.en-US.js","","downloaded",""
"https://images.squarespace-cdn.com/content/v1/67acef470f284a71a0d735e3/1739900479368-4XFNINB9X4R23H6R53ZA/unsplash-image-oTvU7Zmteic.jpg","https://www.guardiansofganja.com/services","jpg","image/jpeg","fb859f8d27cd0e5a9aded91cc7aa4f69efd44aa84b1b52ee0e4cfd30eefe84c4","2026-04-22T22:38:17.8777114Z","2026-04-22T22:52:05.1787277Z","public\imports\guardians-of-ganja\raw\images.squarespace-cdn.com\content\v1\67acef470f284a71a0d735e3\1739900479368-4XFNINB9X4R23H6R53ZA\unsplash-image-oTvU7Zmteic.jpg","","downloaded",""
"https://images.squarespace-cdn.com/content/v1/67acef470f284a71a0d735e3/1739901601279-JVW05E0GH49E35OBRPIF/unsplash-image-iCHacuW8BcI.jpg","https://www.guardiansofganja.com/services","jpg","image/jpeg","432ea58b3d3eb586bd0e258b924a6b0136aa7eab6f13c8af7d1bc16e606696bb","2026-04-22T22:38:17.8787108Z","2026-04-22T22:52:05.1807276Z","public\imports\guardians-of-ganja\raw\images.squarespace-cdn.com\content\v1\67acef470f284a71a0d735e3\1739901601279-JVW05E0GH49E35OBRPIF\unsplash-image-iCHacuW8BcI.jpg","","downloaded",""
"https://images.squarespace-cdn.com/content/v1/67acef470f284a71a0d735e3/1739900961734-J2LJEDTVAP1OC61GH79S/unsplash-image-5_RWUakFIfE.jpg","https://www.guardiansofganja.com/services","jpg","image/jpeg","1533b96d2fbaab09588732420d7b6be2e03fc0470cfd9c352d7276ff1f223e03","2026-04-22T22:38:17.8797107Z","2026-04-22T22:52:05.1827287Z","public\imports\guardians-of-ganja\raw\images.squarespace-cdn.com\content\v1\67acef470f284a71a0d735e3\1739900961734-J2LJEDTVAP1OC61GH79S\unsplash-image-5_RWUakFIfE.jpg","","downloaded",""
"https://images.squarespace-cdn.com/content/v1/67acef470f284a71a0d735e3/1739901586498-MOX91GS9PPN7RMOGFZXV/unsplash-image-FIOiHwB71_k.jpg","https://www.guardiansofganja.com/services","jpg","image/jpeg","9d44d9400a7b58f33795387d082059191aa91346f73bb984e58101ff00a91374","2026-04-22T22:38:17.8797107Z","2026-04-22T22:52:05.1837277Z","public\imports\guardians-of-ganja\raw\images.squarespace-cdn.com\content\v1\67acef470f284a71a0d735e3\1739901586498-MOX91GS9PPN7RMOGFZXV\unsplash-image-FIOiHwB71_k.jpg","","downloaded",""
"https://images.squarespace-cdn.com/content/v1/67acef470f284a71a0d735e3/1739901016627-C0VJW3P28K2LETM9N2JC/unsplash-image-b6fns2kOFsk.jpg","https://www.guardiansofganja.com/services","jpg","image/jpeg","d28ecd271e498ea67cea596c1f6f5766baed530583f112839461b216c3a937e6","2026-04-22T22:38:17.8807109Z","2026-04-22T22:52:05.1847277Z","public\imports\guardians-of-ganja\raw\images.squarespace-cdn.com\content\v1\67acef470f284a71a0d735e3\1739901016627-C0VJW3P28K2LETM9N2JC\unsplash-image-b6fns2kOFsk.jpg","","downloaded",""
"https://images.squarespace-cdn.com/content/v1/67acef470f284a71a0d735e3/1739901492419-CGI2PQ7H0CAUDRRAN1SB/unsplash-image-lVLd6z5oVy8.jpg","https://www.guardiansofganja.com/services","jpg","image/jpeg","f7535e943496ec429a0c7c853716b3b8b20017ff0486436cc4474b443af040e4","2026-04-22T22:38:17.8817112Z","2026-04-22T22:52:05.1867278Z","public\imports\guardians-of-ganja\raw\images.squarespace-cdn.com\content\v1\67acef470f284a71a0d735e3\1739901492419-CGI2PQ7H0CAUDRRAN1SB\unsplash-image-lVLd6z5oVy8.jpg","","downloaded",""
"https://images.squarespace-cdn.com/content/v1/67acef470f284a71a0d735e3/05272842-47e3-48f4-bebe-9417c6482db1/image0+%282%29.jpeg","https://www.guardiansofganja.com/gallery","jpeg","image/jpeg","f55c83ac08bbaefe46e00d30aa22a3d8b8bd4800f6ae7b14f9fbfec60d517f1c","2026-04-22T22:38:18.2588864Z","2026-04-22T22:52:05.1877294Z","public\imports\guardians-of-ganja\raw\images.squarespace-cdn.com\content\v1\67acef470f284a71a0d735e3\05272842-47e3-48f4-bebe-9417c6482db1\image0--282-29.jpeg","","downloaded",""
"https://images.squarespace-cdn.com/content/v1/67acef470f284a71a0d735e3/53aea6b6-2f31-4f9a-af4f-ad0937770323/image1.jpeg","https://www.guardiansofganja.com/gallery","jpeg","image/jpeg","1334cd6641afe8d6d0009b89a6950e37af12f298851f174600da5e2321540265","2026-04-22T22:38:18.2588864Z","2026-04-22T22:52:05.1887284Z","public\imports\guardians-of-ganja\raw\images.squarespace-cdn.com\content\v1\67acef470f284a71a0d735e3\53aea6b6-2f31-4f9a-af4f-ad0937770323\image1.jpeg","","downloaded",""
"https://images.squarespace-cdn.com/content/v1/67acef470f284a71a0d735e3/a1af5386-8add-41dd-86d9-12302244e453/image4.jpeg","https://www.guardiansofganja.com/gallery","jpeg","image/jpeg","71ab402c49015992335946fd9ccdd785bcf84d966915307bcfd75807ecf06a1a","2026-04-22T22:38:18.2588864Z","2026-04-22T22:52:05.1897278Z","public\imports\guardians-of-ganja\raw\images.squarespace-cdn.com\content\v1\67acef470f284a71a0d735e3\a1af5386-8add-41dd-86d9-12302244e453\image4.jpeg","","downloaded",""
"https://images.squarespace-cdn.com/content/v1/67acef470f284a71a0d735e3/7b73f5d8-be63-483c-938e-d5218cfbd663/image3.jpeg","https://www.guardiansofganja.com/gallery","jpeg","image/jpeg","b55cf731a5b39ee9c7a01ec0bd69b9c27e07d7510de2854f921a3fbd6bb53c66","2026-04-22T22:38:18.2598847Z","2026-04-22T22:52:05.1907278Z","public\imports\guardians-of-ganja\raw\images.squarespace-cdn.com\content\v1\67acef470f284a71a0d735e3\7b73f5d8-be63-483c-938e-d5218cfbd663\image3.jpeg","","downloaded",""
"https://images.squarespace-cdn.com/content/v1/67acef470f284a71a0d735e3/1765235947213-739M0SNQFNXR528AR8VG/image2.jpg","https://www.guardiansofganja.com/gallery","jpg","image/jpeg","a5ff439d02b42fab5d72478af15646ca1ab700e70206d0e8d330f52d95961249","2026-04-22T22:38:18.2598847Z","2026-04-22T22:52:05.1917276Z","public\imports\guardians-of-ganja\raw\images.squarespace-cdn.com\content\v1\67acef470f284a71a0d735e3\1765235947213-739M0SNQFNXR528AR8VG\image2.jpg","","downloaded",""
"https://images.squarespace-cdn.com/content/v1/67acef470f284a71a0d735e3/dac8d60b-7651-401d-a419-7ce214ee6fb8/image0+%281%29.jpeg","https://www.guardiansofganja.com/gallery","jpeg","image/jpeg","188686a4a38c88f6d932aa14024b83c82cf85f6258a7f12df56934be94394056","2026-04-22T22:38:18.2598847Z","2026-04-22T22:52:05.1927276Z","public\imports\guardians-of-ganja\raw\images.squarespace-cdn.com\content\v1\67acef470f284a71a0d735e3\dac8d60b-7651-401d-a419-7ce214ee6fb8\image0--281-29.jpeg","","downloaded",""
"https://images.squarespace-cdn.com/content/v1/67acef470f284a71a0d735e3/90a6ec4c-99d3-4e6f-a657-2c9c1158d3db/image0+%283%29.jpeg","https://www.guardiansofganja.com/gallery","jpeg","image/jpeg","e051ae6e1a75063aa9acca174b588c481ca25561acbff38824326e8d245facbf","2026-04-22T22:38:18.2598847Z","2026-04-22T22:52:05.1937284Z","public\imports\guardians-of-ganja\raw\images.squarespace-cdn.com\content\v1\67acef470f284a71a0d735e3\90a6ec4c-99d3-4e6f-a657-2c9c1158d3db\image0--283-29.jpeg","","downloaded",""
"https://images.squarespace-cdn.com/content/v1/67acef470f284a71a0d735e3/e2f72370-9280-42c5-92e3-c7d75cb3730c/IMG_2661.jpg","https://www.guardiansofganja.com/gallery","jpg","image/jpeg","fc757dad7bc2862fc615ca8b5f654b3e3940ba6ea98b448e6b6f2c1f257cbf55","2026-04-22T22:38:18.2608847Z","2026-04-22T22:52:05.1947294Z","public\imports\guardians-of-ganja\raw\images.squarespace-cdn.com\content\v1\67acef470f284a71a0d735e3\e2f72370-9280-42c5-92e3-c7d75cb3730c\IMG_2661.jpg","","downloaded",""
"https://images.squarespace-cdn.com/content/v1/67acef470f284a71a0d735e3/1765235924961-44RXQZ20MEFMSPW3LMLC/0CC084A3-FC6C-440F-96F3-2B2109519EDE.png","https://www.guardiansofganja.com/gallery","png","image/png","75eb4495a8be0a22a81ec2bd9ac565ac510ed2c8535f0ec6ebef7bef87dcef63","2026-04-22T22:38:18.2608847Z","2026-04-22T22:52:05.1957276Z","public\imports\guardians-of-ganja\raw\images.squarespace-cdn.com\content\v1\67acef470f284a71a0d735e3\1765235924961-44RXQZ20MEFMSPW3LMLC\0CC084A3-FC6C-440F-96F3-2B2109519EDE.png","","downloaded",""
"https://images.squarespace-cdn.com/content/v1/67acef470f284a71a0d735e3/dba8057d-4687-417b-83f9-ec026aefa312/IMG_2571.jpg","https://www.guardiansofganja.com/gallery","jpg","image/jpeg","919410c38aeeabf906ec978e222e9a9faac1a58620a1afd2cccf3da82a6afede","2026-04-22T22:38:18.2608847Z","2026-04-22T22:52:05.1967277Z","public\imports\guardians-of-ganja\raw\images.squarespace-cdn.com\content\v1\67acef470f284a71a0d735e3\dba8057d-4687-417b-83f9-ec026aefa312\IMG_2571.jpg","","downloaded",""
"https://images.squarespace-cdn.com/content/v1/67acef470f284a71a0d735e3/1765235906889-GGPPWKZ1OCO2WGKDHBOZ/IMG_2592.png","https://www.guardiansofganja.com/gallery","png","image/png","cb85c857a3d9b9b7035fc8d6756b92ff30f5b9f1f2f90b224e557149ae1dd8bd","2026-04-22T22:38:18.2608847Z","2026-04-22T22:52:05.1987277Z","public\imports\guardians-of-ganja\raw\images.squarespace-cdn.com\content\v1\67acef470f284a71a0d735e3\1765235906889-GGPPWKZ1OCO2WGKDHBOZ\IMG_2592.png","","downloaded",""
"https://images.squarespace-cdn.com/content/v1/67acef470f284a71a0d735e3/3c71cac0-83c1-4e14-95e8-82336a49b2fa/IMG_1919.jpeg","https://www.guardiansofganja.com/gallery","jpeg","image/jpeg","e1f62f23f4eee57ff666035e3eb40969dea50191a72af189a748585fdc937062","2026-04-22T22:38:18.2618841Z","2026-04-22T22:52:05.1997280Z","public\imports\guardians-of-ganja\raw\images.squarespace-cdn.com\content\v1\67acef470f284a71a0d735e3\3c71cac0-83c1-4e14-95e8-82336a49b2fa\IMG_1919.jpeg","","downloaded",""
"https://images.squarespace-cdn.com/content/v1/67acef470f284a71a0d735e3/27adac1b-5d98-4fc8-aa74-5a0f8fe46eae/IMG_1917.jpeg","https://www.guardiansofganja.com/gallery","jpeg","image/jpeg","15615c6b911f5c0686cfb3242b4ca31b720718f3da1a8d547f48d4ba7784d3e4","2026-04-22T22:38:18.2618841Z","2026-04-22T22:52:05.2017277Z","public\imports\guardians-of-ganja\raw\images.squarespace-cdn.com\content\v1\67acef470f284a71a0d735e3\27adac1b-5d98-4fc8-aa74-5a0f8fe46eae\IMG_1917.jpeg","","downloaded",""
"https://images.squarespace-cdn.com/content/v1/67acef470f284a71a0d735e3/28d9431b-1d8e-4f5e-a146-ef1c78a5d5b1/IMG_1924.jpeg","https://www.guardiansofganja.com/gallery","jpeg","image/jpeg","1faa1b40407e59521f3c4b0be3c773aaca1baec44a9f6f98bc0fdd14628bfbab","2026-04-22T22:38:18.2618841Z","2026-04-22T22:52:05.2047281Z","public\imports\guardians-of-ganja\raw\images.squarespace-cdn.com\content\v1\67acef470f284a71a0d735e3\28d9431b-1d8e-4f5e-a146-ef1c78a5d5b1\IMG_1924.jpeg","","downloaded",""
"https://images.squarespace-cdn.com/content/v1/67acef470f284a71a0d735e3/77e6e7f3-3d3a-4430-9f43-3d7e0afc077f/IMG_1918.jpeg","https://www.guardiansofganja.com/gallery","jpeg","image/jpeg","b1b439ed8c7e18079919d72bddfdae2a65aa2b7cf119d460794e5bcd07fa91d3","2026-04-22T22:38:18.2628842Z","2026-04-22T22:52:05.2057286Z","public\imports\guardians-of-ganja\raw\images.squarespace-cdn.com\content\v1\67acef470f284a71a0d735e3\77e6e7f3-3d3a-4430-9f43-3d7e0afc077f\IMG_1918.jpeg","","downloaded",""
